paper_id	claim_importance	evidence_strength
elife-100000	Important	Solid
elife-100002	Valuable	Convincing
elife-100011	Important	Compelling
elife-100037	Valuable	Convincing
elife-100041	Important	Solid
elife-100060	Important	Convincing
elife-100064	Useful	Solid
elife-100066	Valuable	Solid
elife-100071	Valuable	Solid
elife-100083	Fundamental	Compelling
elife-100085	Important	Convincing
elife-100086	Important	Convincing
elife-100088	Important	Solid
elife-100098	Important	Convincing
elife-100123	Fundamental	Convincing
elife-100144	Valuable	Incomplete
elife-100152	Important	Compelling
elife-100162	Important	Convincing
elife-100173	Important	Compelling
elife-100192	Valuable	Solid
elife-100193	Useful	Solid
elife-100196	Important	Convincing
elife-100197	Important	Compelling
elife-100202	Valuable	Solid
elife-100205	Valuable	Incomplete
elife-100217	Important	Convincing
elife-100218	Valuable	Convincing
elife-100248	Important	Compelling
elife-100254	Important	Compelling
elife-100256	Important	Convincing
elife-100257	Important	Convincing
elife-100258	Important	Convincing
elife-100260	Valuable	Convincing
elife-100268	Important	Incomplete
elife-100280	Fundamental	Compelling
elife-100282	Important	Incomplete
elife-100284	Important	Convincing
elife-100287	Important	Compelling
elife-100292	Important	Compelling
elife-100328	Important	Convincing
elife-100335	Important	Compelling
elife-100337	Valuable	Convincing
elife-100346	Useful	Incomplete
elife-100350	Fundamental	Compelling
elife-100376	Important	Convincing
elife-100390	Important	Convincing
elife-100393	Useful	Solid
elife-100394	Important	Solid
elife-100406	Important	Convincing
elife-100424	Fundamental	Compelling
elife-100427	Fundamental	Convincing
elife-100433	Useful	Incomplete
elife-100446	Valuable	Incomplete
elife-100448	Fundamental	Compelling
elife-100449	Important	Compelling
elife-100455	Valuable	Solid
elife-100478	Important	Compelling
elife-100488	Valuable	Compelling
elife-100490	Fundamental	Compelling
elife-100492	Important	Convincing
elife-100497	Important	Convincing
elife-100525	Important	Convincing
elife-100527	Important	Convincing
elife-100530	Fundamental	Compelling
elife-100532	Important	Convincing
elife-100535	Valuable	Solid
elife-100541	Important	Convincing
elife-100545	Important	Convincing
elife-100569	Fundamental	Compelling
elife-100570	Valuable	Convincing
elife-100574	Important	Convincing
elife-100581	Important	Convincing
elife-100601	Important	Solid
elife-100604	Fundamental	Convincing
elife-100605	Important	Compelling
elife-100611	Important	Convincing
elife-100652	Valuable	Convincing
elife-100664	Valuable	Solid
elife-100665	Valuable	Convincing
elife-100666	Important	Convincing
elife-100673	Valuable	Compelling
elife-100687	Important	Solid
elife-100705	Important	Convincing
elife-100708	Valuable	Solid
elife-100722	Fundamental	Compelling
elife-100730	Useful	Solid
elife-100731	Important	Solid
elife-100734	Valuable	Solid
elife-100735	Valuable	Solid
elife-100737	Useful	Incomplete
elife-100739	Important	Solid
elife-100747	Fundamental	Compelling
elife-100749	Valuable	Solid
elife-100764	Valuable	Convincing
elife-100767	Valuable	Solid
elife-100768	Fundamental	Convincing
elife-100785	Valuable	Convincing
elife-100788	Valuable	Convincing
elife-100796	Valuable	Convincing
elife-100797	Important	Convincing
elife-100799	Important	Convincing
Incomplete
elife-100820	Important	Convincing
elife-100821	Important	Compelling
elife-100822	Valuable	Convincing
elife-100830	Important	Convincing
elife-100840	Important	Compelling
elife-100849	Valuable	Solid
elife-100854	Valuable	Solid
elife-100856	Valuable	Solid
elife-100870	Important	Solid
elife-100885	Important	Convincing
elife-100887	Valuable	Solid
elife-100890	Valuable	Solid
elife-100904	Important	Convincing
elife-100914	Useful	Incomplete
elife-100918	Important	Convincing
elife-100922	Important	Convincing
elife-100923	Useful	Solid
elife-100928	Important	Solid
elife-100937	Useful	Solid
elife-100941	Important	Compelling
elife-100947	Valuable	Convincing
elife-100949	Important	Solid
elife-100961	Fundamental	Compelling
elife-100968	Useful	Solid
elife-100981	Important	Solid
elife-100987	Important	Convincing
elife-100988	Valuable	Solid
elife-100989	Important	Compelling
elife-100990	Important	Compelling
elife-100996	Fundamental	Compelling
elife-101011	Valuable	Convincing
elife-101035	Important	Compelling
elife-101036	Important	Convincing
elife-101043	Important	Compelling
elife-101069	Important	Convincing
elife-101071	Valuable	Solid
elife-101075	Valuable	Convincing
elife-101080	Important	Convincing
elife-101101	Valuable	Solid
elife-101103	Important	Solid
elife-101105	Important	Convincing
elife-101113	Valuable	Solid
elife-101114	Fundamental	Solid
elife-101125	Important	Convincing
elife-101127	Important	Convincing
elife-101128	Valuable	Solid
elife-101136	Valuable	Convincing
elife-101137	Important	Solid
elife-101142	Important	Convincing
elife-101143	Useful	Solid
elife-101151	Valuable	Solid
elife-101153	Valuable	Solid
elife-101157	Important	Convincing
elife-101163	Valuable	Incomplete
elife-101170	Important	Compelling
elife-101173	Important	Convincing
elife-101175	Fundamental	Compelling
elife-101186	Useful	Solid
elife-101197	Valuable	Incomplete
elife-101198	Valuable	Compelling
elife-101217	Important	Convincing
elife-101221	Important	Incomplete
elife-101236	Useful	Solid
elife-101241	Important	Convincing
elife-101244	Important	Solid
elife-101248	Valuable	Solid
elife-101269	Important	Convincing
elife-101299	Important	Convincing
Incomplete
elife-101302	Important	Convincing
elife-101322	Valuable	Solid
elife-101325	Valuable	Solid
elife-101327	Important	Compelling
elife-101338	Valuable	Solid
elife-101369	Valuable	Convincing
elife-101371	Important	Convincing
elife-101388	Important	Compelling
elife-101391	Valuable	Solid
elife-101401	Important	Convincing
elife-101413	Important	Convincing
elife-101420	Valuable	Convincing
elife-101428	Useful	Solid
elife-101439	Useful	Solid
elife-101440	Important	Convincing
elife-101483	Important	Convincing
elife-101506	Useful	Solid
elife-101511	Valuable	Convincing
elife-101526	Valuable	Convincing
elife-101531	Valuable	Solid
elife-101559	Important	Compelling
elife-101578	Important	Convincing
elife-101579	Valuable	Convincing
elife-101583	Important	Convincing
elife-101604	Valuable	Solid
elife-101606	Fundamental	Compelling
elife-101626	Important	Convincing
elife-101629	Valuable	Solid
elife-101630	Useful	Solid
elife-101642	Useful	Incomplete
elife-101667	Important	Convincing
elife-101670	Important	Convincing
elife-101688	Valuable	Incomplete
elife-101701	Useful	Incomplete
elife-101714	Valuable	Convincing
elife-101717	Valuable	Solid
elife-101724	Fundamental	Compelling
elife-101727	Important	Compelling
elife-101731	Important	Convincing
elife-101733	Important	Compelling
elife-101736	Important	Solid
elife-101747	Fundamental	Compelling
elife-101757	Valuable	Solid
elife-101760	Useful	Incomplete
elife-101769	Valuable	Convincing
elife-101779	Important	Convincing
elife-101780	Important	Compelling
elife-101802	Important	Convincing
elife-101814	Important	Compelling
elife-101825	Important	Convincing
elife-101830	Valuable	Incomplete
elife-101841	Important	Compelling
elife-101850	Useful	Solid
elife-101851	Important	Convincing
elife-101882	Important	Convincing
elife-101885	Valuable	Convincing
elife-101886	Important	Compelling
elife-101887	Useful	Solid
elife-101888	Valuable	Convincing
elife-101894	Important	Compelling
elife-101912	Important	Convincing
Solid
elife-101918	Important	Compelling
elife-101923	Useful	Incomplete
elife-101924	Important	Convincing
elife-101929	Important	Convincing
elife-101932	Valuable	Convincing
elife-101938	Important	Compelling
elife-101943	Fundamental	Compelling
elife-101944	Valuable	Compelling
Solid
elife-101950	Valuable	Convincing
elife-101959	Valuable	Solid
elife-101965	Important	Convincing
elife-101967	Useful	Solid
elife-101973	Important	Convincing
elife-101980	Useful	Compelling
Incomplete
elife-101984	Important	Convincing
elife-101990	Important	Convincing
elife-101992	Important	Convincing
elife-102001	Valuable	Convincing
elife-102002	Important	Convincing
elife-102019	Important	Compelling
Solid
elife-102027	Important	Convincing
elife-102068	Important	Convincing
elife-102097	Useful	Solid
elife-102151	Important	Convincing
elife-102166	Important	Convincing
elife-102184	Important	Convincing
elife-102205	Valuable	Solid
elife-102222	Important	Solid
elife-102226	Valuable	Convincing
elife-102228	Important	Convincing
elife-102230	Important	Compelling
elife-102232	Important	Convincing
elife-102253	Valuable	Compelling
elife-102269	Useful	Solid
elife-102274	Fundamental	Compelling
Convincing
elife-102277	Important	Convincing
elife-102288	Important	Convincing
elife-102301	Important	Compelling
elife-102305	Important	Compelling
elife-102308	Important	Convincing
elife-102321	Important	Convincing
Incomplete
elife-102324	Valuable	Incomplete
elife-102335	Fundamental	Compelling
elife-102337	Useful	Convincing
elife-102346	Important	Solid
elife-102352	Valuable	Convincing
elife-102392	Valuable	Solid
elife-102409	Important	Convincing
elife-102422	Useful	Incomplete
elife-102424	Important	Convincing
elife-102433	Fundamental	Convincing
elife-102434	Fundamental	Exceptional
elife-102439	Valuable	Convincing
elife-102441	Valuable	Convincing
elife-102447	Important	Solid
elife-102449	Important	Solid
elife-102451	Important	Convincing
elife-102475	Valuable	Solid
elife-102515	Important	Compelling
elife-102529	Fundamental	Compelling
elife-102538	Fundamental	Compelling
elife-102542	Important	Solid
elife-102550	Valuable	Incomplete
elife-102573	Valuable	Convincing
elife-102592	Important	Convincing
elife-102618	Valuable	Convincing
elife-102622	Important	Convincing
elife-102637	NULL	Incomplete
elife-102643	Fundamental	Compelling
elife-102659	Important	Compelling
Convincing
elife-102663	Valuable	Solid
elife-102667	Important	Compelling
elife-102676	Valuable	Convincing
elife-102681	Important	Convincing
elife-102701	Valuable	Solid
elife-102702	Important	Compelling
elife-102743	Important	Convincing
elife-102756	Valuable	Solid
elife-102765	Important	Compelling
elife-102784	Important	Convincing
elife-102788	Important	Convincing
Solid
elife-102792	Valuable	Convincing
elife-102794	Important	Convincing
elife-102819	Fundamental	Compelling
elife-102823	Important	Compelling
elife-102840	Important	Compelling
elife-102852	Important	Compelling
elife-102857	Important	Compelling
elife-102858	Important	Convincing
elife-102906	Important	Compelling
elife-102911	Important	Solid
elife-102912	Important	Solid
elife-102915	Valuable	Solid
elife-102926	Important	Solid
elife-102930	Valuable	Solid
elife-102938	Important	Compelling
elife-102941	Valuable	Solid
elife-102977	Valuable	Solid
elife-102980	Important	Convincing
elife-102986	Important	Incomplete
elife-103047	Valuable	Solid
elife-103064	Valuable	Solid
elife-103068	Important	Compelling
elife-103069	Important	Convincing
elife-103073	Fundamental	Compelling
elife-103096	Important	Compelling
elife-103107	Valuable	Solid
elife-103109	Important	Compelling
elife-103137	Important	Convincing
elife-103159	Important	Compelling
elife-103191	Important	Convincing
elife-103205	Important	Convincing
elife-103220	Important	Convincing
elife-103235	Important	Solid
elife-103245	Important	Convincing
elife-103247	Valuable	Convincing
elife-103256	Fundamental	Compelling
elife-103259	Important	Convincing
elife-103260	Valuable	Convincing
elife-103321	Useful	Solid
elife-103328	Important	Compelling
elife-103331	Important	Compelling
Solid
elife-103340	Fundamental	Convincing
elife-103403	Important	Compelling
elife-103413	Valuable	Solid
elife-103417	Important	Convincing
elife-103425	Important	Compelling
elife-103481	Important	Solid
elife-103486	Important	Convincing
elife-103492	Important	Compelling
elife-103497	Valuable	Compelling
elife-103504	Important	Convincing
elife-103537	Important	Convincing
elife-103547	Important	Compelling
elife-103559	Valuable	Convincing
elife-103592	Important	Compelling
elife-103608	Important	Incomplete
elife-103615	Fundamental	Convincing
elife-103620	Fundamental	Compelling
elife-103628	Fundamental	Incomplete
elife-103636	Important	Convincing
elife-103648	Important	Compelling
elife-103660	Valuable	Incomplete
elife-103663	Important	Convincing
elife-103676	Fundamental	Convincing
elife-103697	Valuable	Solid
elife-103714	Valuable	Convincing
elife-103718	Important	Convincing
elife-103729	Important	Convincing
elife-103734	Important	Compelling
elife-103736	Important	Compelling
elife-103737	Valuable	Incomplete
elife-103738	Important	Compelling
elife-103748	Useful	Solid
elife-103757	Valuable	Compelling
elife-103771	Important	Incomplete
elife-103783	Important	Compelling
elife-103796	Valuable	Convincing
elife-103797	Valuable	Solid
elife-103828	Valuable	Solid
elife-103870	Important	Convincing
elife-103877	Important	Convincing
elife-103879	Important	Solid
elife-103888	Important	Compelling
elife-103904	Fundamental	Solid
elife-103923	Fundamental	Convincing
elife-103945	Important	Solid
elife-103953	Valuable	Compelling
elife-103959	Important	Convincing
elife-103970	Important	Compelling
elife-103971	Important	Solid
elife-103977	Important	Solid
elife-103996	Important	Convincing
elife-104008	Important	Convincing
elife-104011	Useful	Solid
elife-104028	Important	Convincing
Solid
elife-104041	Important	Compelling
elife-104043	Important	Convincing
elife-104045	Important	Convincing
elife-104048	Important	Convincing
elife-104057	Important	Convincing
elife-104064	Valuable	Convincing
elife-104068	Fundamental	Compelling
elife-104069	Important	Convincing
elife-104074	Important	Convincing
elife-104076	Valuable	Solid
elife-104082	Important	Compelling
elife-104101	Important	Solid
elife-104118	Important	Solid
elife-104121	Valuable	Solid
elife-104138	Valuable	Solid
elife-104139	Important	Compelling
elife-104164	Important	Compelling
elife-104181	Fundamental	Compelling
elife-104191	Valuable	Solid
elife-104199	Important	Convincing
elife-104212	Important	Solid
elife-104220	Important	Solid
elife-104222	Valuable	Convincing
elife-104233	Important	Convincing
elife-104237	Important	Convincing
elife-104238	Fundamental	Compelling
elife-104240	Useful	Convincing
elife-104255	Important	Compelling
elife-104268	Important	Solid
elife-104276	Important	Compelling
elife-104278	Fundamental	Compelling
elife-104280	Useful	Solid
elife-104295	Important	Convincing
elife-104302	Important	Compelling
elife-104355	Important	Convincing
elife-104367	Important	Compelling
elife-104423	Important	Solid
elife-104439	Fundamental	Convincing
elife-104441	Important	Compelling
elife-104443	Important	Compelling
elife-104456	Valuable	Solid
elife-104460	Important	Convincing
elife-104461	Important	Convincing
elife-104465	Important	Solid
elife-104469	Fundamental	Compelling
elife-104475	Important	Convincing
elife-104508	Fundamental	Compelling
elife-104514	Important	Compelling
elife-104530	Fundamental	Convincing
elife-104547	Important	Solid
elife-104549	Valuable	Solid
elife-104609	Fundamental	Compelling
elife-104718	Important	Convincing
elife-104720	Fundamental	Solid
elife-104723	Important	Convincing
elife-104725	Important	Compelling
elife-104762	Important	Solid
elife-104764	Fundamental	Compelling
elife-104772	Fundamental	Convincing
elife-104774	Valuable	Solid
elife-104779	Valuable	Solid
elife-104797	Valuable	Convincing
elife-104833	Important	Convincing
elife-104856	Important	Convincing
elife-104859	Valuable	Solid
elife-104894	Fundamental	Convincing
elife-104896	Important	Convincing
elife-104901	Valuable	Convincing
elife-104913	Valuable	Solid
elife-104914	Important	Convincing
elife-104934	Useful	Solid
elife-104956	Important	Compelling
elife-104963	Valuable	Compelling
elife-104972	Valuable	Convincing
elife-104979	Important	Convincing
elife-104996	Important	Convincing
elife-105005	Important	Solid
elife-105013	Important	Convincing
elife-105017	Valuable	Convincing
elife-105018	Fundamental	Compelling
elife-105039	Valuable	Convincing
elife-105059	Important	Convincing
elife-105062	Valuable	Convincing
elife-105065	Landmark	Compelling
elife-105087	Important	Convincing
elife-105094	Valuable	Convincing
elife-105111	Important	Compelling
elife-105112	Valuable	Convincing
elife-105132	Valuable	Solid
elife-105138	Important	Convincing
elife-105150	Valuable	Convincing
elife-105152	Valuable	Convincing
elife-105153	Useful	Solid
elife-105185	Important	Convincing
elife-105199	Important	Convincing
elife-105225	Fundamental	Compelling
elife-105236	Useful	Convincing
elife-105264	Important	Solid
elife-105265	Valuable	Incomplete
elife-105277	Valuable	Incomplete
elife-105291	Important	Convincing
elife-105309	Valuable	Convincing
elife-105311	Valuable	Compelling
elife-105317	Fundamental	Compelling
elife-105318	Important	Convincing
elife-105319	Valuable	Convincing
elife-105347	Valuable	Solid
elife-105396	Important	Convincing
elife-105411	Valuable	Solid
elife-105422	Useful	Solid
elife-105430	Important	Convincing
elife-105432	Fundamental	Compelling
elife-105446	Fundamental	Compelling
elife-105451	Important	Compelling
elife-105461	Important	Compelling
elife-105466	Important	Compelling
elife-105471	Important	Convincing
elife-105496	Important	Compelling
elife-105504	Useful	Incomplete
elife-105525	Fundamental	Solid
elife-105555	Important	Convincing
elife-105565	Valuable	Convincing
elife-105576	Valuable	Solid
elife-105585	Important	Convincing
elife-105593	Important	Compelling
elife-105613	Valuable	Convincing
elife-105649	Important	Solid
elife-105673	Fundamental	Compelling
elife-105696	Important	Compelling
elife-105703	Important	Convincing
elife-105714	Important	Compelling
elife-105734	Valuable	Solid
elife-105753	Valuable	Compelling
elife-105788	Valuable	Compelling
elife-105794	Important	Convincing
elife-105815	Fundamental	Exceptional
elife-105834	Important	Compelling
elife-105842	Important	Convincing
elife-105864	Valuable	Solid
elife-105867	Important	Convincing
elife-105887	Important	Compelling
elife-105892	Valuable	Convincing
elife-105895	Valuable	Solid
elife-105896	Important	Convincing
elife-105915	Important	Compelling
elife-105918	Important	Convincing
elife-105937	Valuable	Solid
elife-105955	Valuable	Convincing
elife-105977	Useful	Inadequate
elife-105978	Important	Convincing
elife-106042	Important	Compelling
elife-106044	Fundamental	Compelling
elife-106075	Important	Convincing
elife-106098	Valuable	Solid
elife-106122	Important	Compelling
elife-106136	Valuable	Convincing
elife-106140	Important	Solid
elife-106196	Valuable	Convincing
elife-106217	Fundamental	Compelling
elife-106228	Important	Compelling
elife-106239	Important	Compelling
elife-106249	Valuable	Convincing
elife-106252	Valuable	Convincing
elife-106256	Useful	Convincing
elife-106261	Important	Compelling
elife-106284	Fundamental	Compelling
elife-106288	Important	Compelling
elife-106303	Important	Convincing
elife-106305	Important	Solid
elife-106316	Valuable	Convincing
elife-106356	Fundamental	Compelling
elife-106362	Fundamental	Compelling
elife-106365	Useful	Solid
elife-106387	Important	Solid
elife-106389	Valuable	Convincing
elife-106403	Important	Convincing
elife-106450	Important	Compelling
elife-106469	Important	Solid
elife-106481	Important	Convincing
elife-106484	Fundamental	Compelling
elife-106508	Important	Compelling
elife-106509	Important	Compelling
elife-106513	Important	Convincing
elife-106525	Important	Compelling
elife-106537	Valuable	Convincing
elife-106557	Valuable	Solid
elife-106602	Important	Solid
elife-106611	Valuable	Convincing
elife-106614	Fundamental	Convincing
elife-106621	Fundamental	Compelling
elife-106628	Valuable	Convincing
elife-106655	Valuable	Solid
elife-106657	Fundamental	Compelling
Convincing
elife-106728	Valuable	Convincing
elife-106814	Fundamental	Compelling
elife-106823	Important	Convincing
elife-106844	Valuable	Solid
elife-106873	Useful	Compelling
Convincing
elife-106892	Valuable	Compelling
elife-106901	Important	Convincing
elife-106913	Valuable	Solid
Convincing
elife-106930	Important	Convincing
elife-106934	Important	Convincing
elife-107030	Important	Compelling
elife-107034	Valuable	Solid
elife-107043	Important	Convincing
elife-107067	Important	Compelling
elife-107069	Important	Convincing
elife-107093	Important	Convincing
elife-107114	Landmark	Compelling
elife-107121	Valuable	Solid
elife-107148	Fundamental	Convincing
elife-107157	Valuable	Compelling
elife-107298	Important	Compelling
elife-107352	Important	Incomplete
elife-107419	Valuable	Solid
elife-107451	Fundamental	Convincing
elife-107454	Valuable	Convincing
elife-107470	Important	Solid
elife-107494	Valuable	Convincing
elife-107524	Valuable	Compelling
elife-107534	Valuable	Convincing
elife-107566	Important	Convincing
elife-107598	Important	Compelling
elife-107742	Important	Convincing
elife-107938	Valuable	Solid
elife-108061	Fundamental	Compelling
elife-108292	Important	Convincing
elife-84141	Valuable	Convincing
elife-84338	Important	Convincing
elife-84355	Valuable	Convincing
elife-84364	Valuable	Convincing
elife-84385	Valuable	Solid
elife-84427	Valuable	Convincing
elife-84537	Important	Compelling
elife-84553	Important	Convincing
elife-84570	Valuable	Solid
elife-84604	Valuable	Solid
elife-84628	Important	Solid
elife-84630	Fundamental	Compelling
elife-84747	Valuable	Solid
elife-84792	Valuable	Compelling
elife-84831	Valuable	Solid
elife-84855	Important	Convincing
elife-84874	Important	Convincing
elife-84875	Important	Convincing
elife-84918	Valuable	Compelling
elife-84926	Valuable	Solid
elife-85069	Important	Convincing
elife-85111	Important	Convincing
elife-85380	Important	Solid
elife-85562	Useful	Compelling
elife-85596	Important	Solid
elife-85597	Valuable	Solid
elife-85646	Valuable	Convincing
elife-85654	Important	Convincing
elife-85760	Important	Convincing
elife-85786	Valuable	Compelling
elife-85795	Important	Convincing
elife-85875	Fundamental	Solid
elife-85921	Important	Convincing
elife-86016	Useful	Solid
elife-86100	Valuable	Convincing
elife-86169	Important	Solid
elife-86194	Important	Compelling
elife-86324	Valuable	Convincing
elife-86464	Valuable	Solid
elife-86507	Valuable	Solid
elife-86576	Fundamental	Compelling
elife-86577	Important	Convincing
elife-86591	Fundamental	Solid
elife-86617	Important	Convincing
elife-86628	Valuable	Solid
elife-86633	Valuable	Convincing
elife-86635	Valuable	Solid
elife-86636	Important	Compelling
elife-86638	Important	Compelling
elife-86655	Valuable	Solid
elife-86663	Important	Solid
elife-86669	Important	Convincing
elife-86670	Fundamental	Compelling
elife-86678	Important	Solid
elife-86687	Useful	Incomplete
elife-86689	Useful	Solid
elife-86695	Important	Solid
elife-86699	Valuable	Solid
elife-86700	Important	Convincing
Solid
elife-86721	Important	Solid
elife-86722	Important	Solid
elife-86725	Important	Convincing
elife-86727	Important	Solid
elife-86737	Valuable	Solid
elife-86740	Valuable	Compelling
elife-86749	Important	Exceptional
Solid
elife-86764	Important	Solid
elife-86776	Important	Compelling
elife-86784	Important	Compelling
elife-86797	Important	Solid
elife-86805	Important	Convincing
elife-86812	Valuable	Solid
elife-86823	Important	Convincing
elife-86824	Important	Convincing
elife-86827	Useful	Incomplete
elife-86833	Important	Compelling
elife-86837	Important	Convincing
elife-86843	Valuable	Compelling
elife-86845	Valuable	Solid
elife-86847	Valuable	Convincing
elife-86852	Important	Compelling
elife-86873	Important	Convincing
elife-86892	Valuable	Compelling
elife-86899	Important	Compelling
elife-86903	Important	Convincing
elife-86913	Important	Convincing
elife-86920	Useful	Incomplete
elife-86931	Valuable	Convincing
elife-86933	Important	Convincing
elife-86939	Fundamental	Convincing
elife-86940	Important	Compelling
elife-86943	Important	Convincing
elife-86944	Useful	Solid
elife-86961	Fundamental	Compelling
elife-86972	Valuable	Convincing
elife-86975	Important	Compelling
elife-86976	Important	Solid
elife-86978	Useful	Incomplete
elife-86988	Important	Solid
elife-86990	Important	Solid
elife-87008	Important	Convincing
elife-87016	Fundamental	Compelling
elife-87018	Important	Solid
elife-87022	Important	Solid
elife-87026	Important	Compelling
elife-87029	Important	Compelling
elife-87030	Valuable	Incomplete
elife-87037	Important	Compelling
elife-87038	Important	Convincing
elife-87039	Valuable	Convincing
elife-87048	Important	Solid
elife-87055	Valuable	Convincing
elife-87065	Useful	Solid
elife-87078	Valuable	Convincing
elife-87081	Useful	Convincing
elife-87083	Useful	Incomplete
elife-87092	Important	Compelling
elife-87094	Fundamental	Compelling
elife-87099	Valuable	Solid
elife-87115	Important	Solid
elife-87120	Important	Convincing
elife-87126	Valuable	Solid
elife-87133	Valuable	Solid
elife-87135	Valuable	Solid
elife-87146	Valuable	Convincing
elife-87147	Important	Solid
elife-87151	Important	Convincing
elife-87167	Important	Compelling
elife-87174	Important	Convincing
elife-87178	Important	Compelling
elife-87188	Fundamental	Convincing
elife-87192	Important	Convincing
elife-87193	Valuable	Convincing
elife-87196	Valuable	Solid
elife-87197	Valuable	Convincing
elife-87198	Important	Convincing
elife-87202	Important	Solid
elife-87238	Important	Solid
elife-87253	Important	Compelling
elife-87258	Valuable	Solid
elife-87271	Useful	Solid
elife-87281	Valuable	Solid
elife-87283	Valuable	Solid
elife-87288	Valuable	Convincing
elife-87292	Important	Compelling
Incomplete
elife-87297	Useful	Solid
elife-87301	Important	Solid
elife-87303	Valuable	Convincing
elife-87306	Important	Compelling
elife-87316	Important	Solid
elife-87317	Important	Convincing
elife-87318	Important	Convincing
elife-87330	Important	Convincing
elife-87335	Useful	Solid
elife-87340	Important	Compelling
elife-87346	Important	Solid
elife-87356	Valuable	Convincing
elife-87357	Important	Compelling
elife-87361	Valuable	Solid
elife-87369	Valuable	Solid
elife-87380	Important	Solid
elife-87386	Important	Solid
elife-87406	Valuable	Solid
elife-87414	Important	Convincing
elife-87419	Important	Solid
elife-87430	Important	Solid
elife-87431	Important	Convincing
elife-87434	Important	Compelling
elife-87442	Valuable	Convincing
elife-87445	Important	Convincing
elife-87450	Valuable	Convincing
elife-87455	Important	Solid
elife-87458	Important	Convincing
elife-87468	Important	Solid
elife-87496	Useful	Incomplete
Solid
elife-87501	Useful	Incomplete
elife-87510	Valuable	Solid
elife-87515	Important	Solid
elife-87517	Important	Incomplete
elife-87518	Important	Incomplete
elife-87521	Fundamental	Compelling
elife-87522	Valuable	Solid
elife-87523	Important	Convincing
elife-87527	Important	Convincing
elife-87529	Valuable	Solid
elife-87536	Fundamental	Compelling
elife-87555	Valuable	Solid
elife-87559	Important	Compelling
elife-87561	Useful	Incomplete
elife-87569	Fundamental	Compelling
elife-87572	Valuable	Solid
elife-87586	Valuable	Solid
elife-87592	Important	Convincing
elife-87602	Valuable	Solid
elife-87607	Valuable	Solid
elife-87611	Valuable	Compelling
elife-87616	Important	Solid
elife-87634	Important	Convincing
elife-87644	Valuable	Solid
elife-87651	Important	Compelling
elife-87668	Fundamental	Convincing
elife-87672	Important	Convincing
elife-87674	Important	Compelling
elife-87691	Valuable	Compelling
elife-87696	Important	Compelling
elife-87698	Important	Solid
elife-87714	Important	Compelling
elife-87719	Important	Convincing
elife-87720	Valuable	Compelling
elife-87722	Important	Convincing
elife-87726	Important	Solid
elife-87729	Valuable	Convincing
elife-87730	Valuable	Convincing
elife-87736	Important	Convincing
elife-87739	Valuable	Convincing
elife-87742	Important	Solid
elife-87746	Important	Compelling
elife-87747	Valuable	Convincing
elife-87749	Valuable	Solid
elife-87751	Important	Convincing
elife-87753	Important	Solid
elife-87754	Important	Convincing
elife-87756	Fundamental	Compelling
elife-87775	Fundamental	Compelling
elife-87780	Important	Solid
elife-87811	Fundamental	Compelling
elife-87820	Valuable	Convincing
elife-87833	Important	Compelling
elife-87860	Fundamental	Convincing
elife-87863	Fundamental	Compelling
elife-87866	Important	Convincing
elife-87868	Useful	Convincing
elife-87873	Useful	Solid
elife-87880	Valuable	Solid
elife-87881	Useful	Incomplete
elife-87884	Important	Convincing
elife-87894	Valuable	Solid
elife-87895	Important	Compelling
elife-87900	Important	Compelling
elife-87912	Valuable	Solid
elife-87922	Useful	Incomplete
elife-87928	Important	Convincing
elife-87930	Important	Compelling
elife-87935	Valuable	Convincing
elife-87949	Valuable	Solid
elife-87956	Fundamental	Compelling
elife-87958	Important	Convincing
elife-87962	Important	Solid
elife-87965	Important	Convincing
elife-87966	Fundamental	Compelling
elife-87969	Valuable	Solid
elife-87985	Fundamental	Convincing
elife-87989	Useful	Solid
elife-87993	Important	Solid
elife-88008	Important	Convincing
elife-88024	Valuable	Solid
elife-88049	Valuable	Convincing
elife-88051	Important	Convincing
elife-88053	Important	Convincing
elife-88054	Important	Compelling
elife-88058	Fundamental
Important	Convincing
elife-88064	Valuable	Convincing
elife-88082	Important	Compelling
elife-88084	Valuable	Solid
elife-88087	Valuable	Convincing
elife-88088	Important	Compelling
elife-88095	Important	Compelling
elife-88117	Useful	Solid
elife-88122	Important	Solid
elife-88124	Important	Convincing
elife-88135	Valuable	Solid
elife-88138	Valuable	Solid
elife-88143	Important	Convincing
elife-88144	Useful	Solid
elife-88149	Important	Convincing
elife-88172	Important	Convincing
elife-88173	Important	Convincing
elife-88174	Fundamental	Convincing
elife-88183	Valuable	Solid
elife-88186	Important	Convincing
elife-88189	Fundamental	Compelling
elife-88198	Important	Solid
elife-88205	Fundamental	Convincing
elife-88207	Important	Convincing
elife-88212	Valuable	Incomplete
elife-88221	Fundamental	Convincing
elife-88222	Important	Convincing
elife-88224	Important	Solid
elife-88225	Valuable	Convincing
elife-88229	Important	Convincing
elife-88236	Important	Convincing
elife-88247	Important	Solid
elife-88250	Fundamental	Convincing
elife-88251	Fundamental	Compelling
elife-88253	Important	Convincing
elife-88256	Important	Convincing
elife-88261	Important	Solid
elife-88266	Important	Compelling
elife-88268	Important	Solid
elife-88273	Valuable	Convincing
Solid
elife-88275	Useful	Incomplete
elife-88279	Valuable	Convincing
elife-88283	Valuable	Solid
elife-88287	Valuable	Convincing
elife-88289	Valuable	Convincing
elife-88294	Important	Convincing
elife-88299	Useful	Solid
elife-88317	Important	Solid
elife-88318	Fundamental	Convincing
elife-88319	Important	Convincing
elife-88321	Important	Compelling
Solid
elife-88322	Fundamental	Compelling
elife-88328	Valuable	Convincing
elife-88334	Useful	Solid
elife-88335	Important	Convincing
elife-88344	Valuable	Solid
elife-88348	Fundamental	Compelling
elife-88359	Fundamental	Convincing
elife-88366	Important	Compelling
elife-88367	Valuable	Compelling
elife-88375	Important	Convincing
elife-88376	Valuable	Solid
elife-88387	Important	Solid
elife-88398	Important	Compelling
elife-88404	Important	Compelling
elife-88406	Valuable	Solid
elife-88412	Important	Convincing
elife-88414	Important	Solid
elife-88420	Important	Solid
elife-88431	Valuable	Solid
elife-88439	Important	Solid
elife-88456	Important	Convincing
elife-88459	Important	Compelling
elife-88463	Valuable	Solid
elife-88466	Useful	Solid
elife-88468	Important	Compelling
elife-88480	Valuable	Incomplete
elife-88483	Valuable	Solid
elife-88508	Important	Convincing
elife-88510	Valuable	Solid
elife-88514	Valuable	Solid
elife-88521	Valuable	Convincing
elife-88523	Valuable	Solid
elife-88525	Valuable	Convincing
elife-88538	Valuable	Solid
elife-88540	Valuable	Convincing
elife-88551	Important	Compelling
elife-88559	Important	Convincing
elife-88564	Valuable	Convincing
elife-88565	Useful	Solid
elife-88567	Valuable	Convincing
elife-88573	Valuable	Convincing
elife-88579	Important	Compelling
elife-88584	Fundamental	Compelling
elife-88588	Fundamental	Compelling
elife-88591	Useful	Solid
elife-88598	Valuable	Convincing
elife-88604	Valuable	Solid
elife-88608	Important	Convincing
elife-88614	Valuable	Convincing
elife-88616	Useful	Solid
elife-88619	Important	Compelling
elife-88623	Important	Convincing
elife-88637	Fundamental	Compelling
elife-88638	Important	Convincing
elife-88648	Valuable	Solid
elife-88652	Valuable	Solid
elife-88656	Important	Convincing
elife-88657	Important	Convincing
elife-88658	Important	Solid
elife-88659	Useful	Solid
elife-88670	Valuable	Compelling
elife-88671	Important	Solid
elife-88673	Important	Compelling
elife-88675	Useful	Solid
elife-88686	Valuable	Solid
elife-88732	Important	Convincing
elife-88733	Valuable	Solid
elife-88737	Fundamental	Compelling
elife-88742	Important	Solid
elife-88744	Valuable	Convincing
elife-88745	Important	Compelling
elife-88750	Important	Compelling
elife-88762	Important	Convincing
elife-88768	Valuable	Convincing
elife-88772	Useful	Incomplete
elife-88775	Important	Solid
elife-88777	Valuable	Solid
elife-88782	Valuable	Convincing
elife-88793	Important	Convincing
elife-88794	Important	Convincing
elife-88795	Valuable	Convincing
elife-88799	Important	Compelling
elife-88805	Valuable	Convincing
elife-88808	Fundamental	Solid
elife-88810	Valuable	Solid
elife-88813	Valuable	Incomplete
elife-88819	Fundamental	Convincing
elife-88822	Fundamental	Solid
elife-88824	Valuable	Solid
elife-88826	Valuable	Solid
elife-88830	Valuable	Convincing
elife-88833	Valuable	Incomplete
elife-88836	Useful	Solid
elife-88838	Important	Solid
elife-88849	Important	Convincing
elife-88855	Valuable	Solid
elife-88863	Important	Compelling
elife-88865	Important	Compelling
elife-88866	Important	Incomplete
elife-88874	Valuable	Convincing
elife-88879	Valuable	Solid
elife-88889	Important	Convincing
elife-88895	Important	Convincing
elife-88900	Important	Convincing
elife-88905	Valuable	Compelling
elife-88916	Valuable	Convincing
elife-88919	Important	Solid
elife-88929	Valuable	Solid
elife-88936	Valuable	Solid
elife-88939	Important	Convincing
elife-88942	Important	Compelling
elife-88953	Valuable	Solid
elife-88955	Valuable	Solid
elife-88958	Useful	Solid
elife-88960	Fundamental	Compelling
elife-88971	Valuable	Convincing
elife-88981	Important	Convincing
elife-88982	Fundamental	Compelling
elife-88984	Important	Compelling
elife-88985	Valuable	Convincing
elife-88991	Landmark	Compelling
elife-89002	Important	Convincing
elife-89004	Fundamental	Solid
elife-89015	Important	Solid
elife-89017	Valuable	Convincing
elife-89023	Important	Convincing
elife-89025	Useful	Solid
elife-89032	Valuable	Solid
elife-89035	Important	Convincing
elife-89040	Valuable	Solid
elife-89045	Valuable	Solid
elife-89050	Valuable	Solid
elife-89054	Important	Compelling
elife-89066	Important	Convincing
elife-89076	Valuable	Convincing
elife-89080	Valuable	Convincing
elife-89082	Important	Convincing
elife-89083	Important	Solid
elife-89093	Valuable	Compelling
elife-89096	Important	Convincing
elife-89098	Important	Solid
elife-89100	Valuable	Convincing
elife-89102	Important	Incomplete
elife-89106	Landmark	Convincing
Incomplete
elife-89125	Valuable	Solid
elife-89129	Valuable	Compelling
elife-89131	Important	Compelling
elife-89136	Valuable	Convincing
elife-89141	Important	Compelling
elife-89167	Important	Convincing
elife-89170	Valuable	Solid
elife-89173	Valuable	Compelling
elife-89176	Valuable	Convincing
elife-89210	Important	Compelling
elife-89212	Fundamental	Compelling
elife-89214	Useful	Solid
elife-89221	Useful	Solid
elife-89225	Important	Convincing
elife-89231	Important	Convincing
elife-89232	Useful	Solid
elife-89261	Useful	Solid
elife-89262	Important	Convincing
elife-89267	Important	Solid
elife-89270	Important	Convincing
elife-89277	Valuable	Compelling
elife-89280	Important	Convincing
elife-89281	Valuable	Incomplete
Solid
elife-89284	Important	Compelling
Convincing
elife-89287	Fundamental	Convincing
elife-89292	Valuable	Solid
elife-89298	Valuable	Solid
elife-89303	Valuable	Incomplete
elife-89306	Important	Convincing
elife-89311	Valuable	Convincing
elife-89315	Important	Convincing
elife-89316	Valuable	Convincing
elife-89317	Valuable	Solid
elife-89319	Useful	Convincing
elife-89321	Fundamental	Convincing
elife-89330	Important	Convincing
Solid
elife-89331	Fundamental	Compelling
elife-89335	Important	Incomplete
elife-89337	Important	Convincing
elife-89338	Important	Compelling
elife-89353	Important	Solid
elife-89354	Valuable	Solid
elife-89356	Valuable	Convincing
elife-89361	Important	Convincing
elife-89366	Important	Solid
elife-89367	Important	Convincing
elife-89368	Valuable	Convincing
elife-89371	Important	Compelling
elife-89373	Useful	Convincing
elife-89376	Useful	Solid
elife-89377	Important	Solid
elife-89381	Important	Solid
elife-89382	Valuable	Solid
elife-89386	Important	Compelling
elife-89392	Important	Compelling
elife-89395	Important	Solid
elife-89421	Important	Convincing
elife-89423	Important	Convincing
elife-89424	Important	Convincing
elife-89425	Valuable	Incomplete
elife-89444	Valuable	Convincing
elife-89453	Important	Compelling
elife-89459	Important	Solid
elife-89465	Important	Solid
elife-89467	Important	Compelling
elife-89470	Important	Solid
elife-89478	Important	Convincing
elife-89482	Important	Convincing
elife-89483	Valuable	Convincing
elife-89485	Useful	Solid
elife-89486	Valuable	Solid
elife-89489	Valuable	Convincing
elife-89493	Important	Solid
elife-89494	Fundamental	Convincing
Solid
elife-89499	Fundamental	Convincing
elife-89506	Useful	Solid
elife-89507	Valuable	Incomplete
elife-89512	Useful	Solid
elife-89516	Important	Convincing
elife-89519	Valuable	Solid
elife-89520	Fundamental	Exceptional
elife-89532	Valuable	Solid
elife-89543	Important	Incomplete
elife-89548	Useful	Incomplete
elife-89570	Important	Convincing
elife-89572	Important	Convincing
elife-89582	Valuable	Solid
elife-89594	Important	Convincing
elife-89596	Valuable	Compelling
elife-89601	Valuable	Solid
elife-89606	Important	Solid
elife-89611	Important	Convincing
elife-89613	Important	Convincing
Incomplete
elife-89616	Fundamental	Compelling
elife-89635	Important	Convincing
elife-89638	Valuable	Compelling
elife-89644	Valuable	Solid
elife-89650	Valuable	Convincing
elife-89656	Important	Convincing
Incomplete
elife-89674	Important	Solid
elife-89682	Valuable	Compelling
elife-89687	Important	Compelling
elife-89690	Important	Convincing
elife-89694	Important	Compelling
Solid
elife-89701	Valuable	Convincing
elife-89705	Important	Convincing
elife-89712	Valuable	Convincing
Solid
elife-89719	Important	Convincing
elife-89724	Important	Compelling
elife-89743	Important	Convincing
elife-89749	Important	Exceptional
elife-89750	Important	Solid
elife-89754	Useful	Solid
elife-89755	Important	Solid
elife-89762	Valuable	Solid
elife-89763	Valuable	Solid
elife-89767	Valuable	Convincing
elife-89776	Important	Convincing
elife-89780	Fundamental	Exceptional
elife-89781	Useful	Solid
elife-89782	Valuable	NULL
elife-89792	Valuable	Convincing
elife-89794	NULL	Incomplete
elife-89795	Valuable	Convincing
elife-89812	Important	Convincing
elife-89813	Valuable	Convincing
elife-89815	Valuable	Solid
elife-89826	Important	Compelling
elife-89830	Important	Compelling
elife-89835	Valuable	Solid
elife-89836	Valuable	Convincing
elife-89837	Important	Convincing
elife-89851	Valuable	Incomplete
elife-89854	Important	Convincing
elife-89855	Fundamental	Compelling
elife-89862	Important	Compelling
elife-89867	Important	Convincing
elife-89871	Important	Solid
elife-89873	Important	Convincing
elife-89874	Important	Convincing
elife-89889	Fundamental	Convincing
elife-89891	Valuable	Convincing
elife-89892	Valuable	Convincing
elife-89903	Important	Convincing
elife-89911	Important	Compelling
elife-89912	Fundamental	Convincing
elife-89918	Valuable	Solid
elife-89926	Valuable	Solid
elife-89936	Important	Compelling
elife-89938	Valuable	Solid
elife-89941	Valuable	Solid
elife-89947	Valuable	Incomplete
Solid
elife-89948	Important	Convincing
elife-89950	Valuable	Convincing
elife-89958	Important	Solid
elife-89962	Important	Convincing
elife-89967	Valuable	Convincing
elife-89968	Important	Compelling
elife-89974	Important	Convincing
elife-89981	Valuable	Convincing
elife-89986	Fundamental	Convincing
elife-89992	Important	Convincing
elife-89993	Important	Convincing
elife-89996	Important	Convincing
elife-89999	Important	Solid
elife-90024	Important	Convincing
elife-90025	Valuable	Compelling
elife-90027	Valuable	Compelling
elife-90029	Important	Convincing
elife-90046	Valuable	Solid
elife-90050	Important	Convincing
elife-90051	Important	Convincing
elife-90061	Valuable	Convincing
elife-90069	Important	Convincing
elife-90070	Valuable	Solid
elife-90073	Valuable	Compelling
Solid
elife-90080	Important	Compelling
elife-90082	Valuable	Solid
elife-90095	Valuable	Solid
elife-90100	Important	Incomplete
Solid
elife-90107	Fundamental	Convincing
elife-90132	Important	Convincing
elife-90133	Important	Compelling
elife-90135	Important	Convincing
elife-90136	Important	Compelling
elife-90139	Valuable	Solid
elife-90148	Important	Convincing
elife-90156	Important	Convincing
elife-90158	Valuable	Solid
elife-90164	Valuable	Convincing
elife-90170	Useful	Solid
elife-90173	Valuable	Convincing
elife-90174	Important	Convincing
elife-90182	Important	Solid
elife-90184	Valuable	Solid
elife-90191	Useful	Solid
elife-90192	Fundamental	Compelling
elife-90199	Valuable	Convincing
elife-90203	Important	Convincing
elife-90211	Important	Solid
elife-90214	Useful	Solid
elife-90217	Important	Convincing
elife-90221	Important	Convincing
elife-90230	Important	Solid
elife-90253	Important	Solid
elife-90254	Important	Convincing
elife-90259	Fundamental	Convincing
elife-90261	Valuable	Solid
elife-90269	Important	Convincing
elife-90274	Important	Compelling
elife-90278	Important	Convincing
elife-90293	Valuable	Solid
elife-90296	Valuable	Solid
elife-90309	Important	Solid
elife-90313	Important	Solid
elife-90316	Important	Convincing
elife-90318	Valuable	Solid
elife-90325	Useful	Solid
elife-90327	Useful	Solid
elife-90333	Valuable	Compelling
elife-90347	Valuable	Solid
elife-90352	Important	Solid
elife-90363	Important	Solid
elife-90375	Valuable	Convincing
elife-90387	Important	Convincing
elife-90390	Important	Compelling
elife-90400	Important	Convincing
elife-90414	Important	Convincing
elife-90419	Fundamental	Solid
elife-90422	Important	Compelling
elife-90425	Important	Convincing
elife-90437	Valuable	Solid
elife-90440	Valuable	Solid
elife-90445	Important	Convincing
elife-90454	Valuable	Convincing
elife-90456	Important	Compelling
elife-90465	Valuable	Solid
elife-90466	Important	Compelling
elife-90486	Important	Compelling
elife-90497	Fundamental	Compelling
elife-90502	Valuable	Solid
elife-90505	Important	Convincing
elife-90509	Important	Compelling
elife-90510	Valuable	Compelling
elife-90511	Valuable	Solid
elife-90522	Valuable	Solid
elife-90523	Valuable	Convincing
elife-90529	Valuable	Solid
elife-90532	Important	Solid
elife-90541	Important	Solid
elife-90551	Fundamental	Compelling
elife-90559	Important	Convincing
elife-90565	Important	Compelling
elife-90574	Important	Convincing
elife-90575	Important	Solid
elife-90579	Important	Solid
elife-90583	Valuable	Incomplete
elife-90596	Important	Solid
elife-90597	Important	Convincing
elife-90600	Valuable	Solid
elife-90603	Valuable	Compelling
elife-90604	Important	Compelling
elife-90606	Important	Convincing
elife-90607	Valuable	Incomplete
elife-90624	Fundamental	Compelling
elife-90632	Important	Convincing
elife-90634	Valuable	Compelling
elife-90636	Useful	Solid
elife-90638	Valuable	Incomplete
elife-90648	Fundamental	Compelling
elife-90656	Important	Convincing
elife-90668	Valuable	Solid
elife-90674	Fundamental	Compelling
elife-90676	Important	Compelling
elife-90679	Fundamental	Convincing
elife-90683	Important	Convincing
elife-90690	Useful	Convincing
elife-90692	Useful	Solid
elife-90695	Important	Convincing
elife-90696	Valuable	Solid
elife-90713	Valuable	Solid
elife-90724	Useful	Incomplete
elife-90735	Important	Convincing
elife-90749	Fundamental	Compelling
elife-90750	Important	Compelling
elife-90755	Valuable	Compelling
elife-90762	Useful	Inadequate
elife-90766	Important	Convincing
elife-90773	Valuable	Convincing
elife-90775	Important	Convincing
elife-90782	Valuable	Solid
elife-90793	Fundamental	Convincing
elife-90795	Important	Convincing
elife-90796	Important	Convincing
elife-90798	Valuable	Convincing
elife-90799	Important	Compelling
elife-90818	Important	Convincing
elife-90820	Valuable	Convincing
elife-90826	Important	Convincing
Solid
elife-90832	Valuable	Solid
elife-90841	Important	Compelling
elife-90846	Valuable	Convincing
elife-90848	Valuable	Incomplete
elife-90851	Important	Compelling
Solid
elife-90854	Important	Solid
elife-90859	Fundamental	Convincing
elife-90874	Important	Convincing
elife-90875	Important	Solid
elife-90887	Important	Solid
elife-90888	Important	Compelling
elife-90893	Important	Solid
elife-90905	Useful	Solid
elife-90908	Fundamental	Compelling
elife-90911	Valuable	Solid
elife-90930	Useful	Solid
elife-90944	Important	Convincing
elife-90948	Useful	Solid
elife-90949	Important	Compelling
elife-90959	Important	Convincing
elife-90960	Fundamental	Convincing
elife-90964	Valuable	Solid
elife-90972	Important	Solid
elife-90976	Important	Convincing
elife-90989	Important	Compelling
elife-90992	Important	Incomplete
elife-90993	Important	Solid
elife-90996	Valuable	Convincing
elife-90997	Important	Solid
elife-91002	Important	Convincing
elife-91007	Valuable	Solid
elife-91010	Important	Compelling
elife-91011	Important	Convincing
elife-91012	Important	Compelling
elife-91019	Valuable	Solid
elife-91030	Valuable	Solid
elife-91033	Important	Solid
elife-91034	Important	Convincing
elife-91037	Important	Solid
elife-91040	Landmark	Exceptional
elife-91044	Important	Convincing
elife-91046	Useful	Incomplete
Solid
elife-91060	Valuable	Solid
elife-91072	Important	Solid
elife-91083	Valuable	Incomplete
elife-91087	Important	Convincing
elife-91094	Important	Solid
elife-91097	Fundamental	Compelling
elife-91101	Fundamental	Compelling
elife-91102	Valuable	Convincing
elife-91114	Important	Convincing
elife-91120	Important	Convincing
elife-91125	Valuable	Solid
elife-91135	Important	Convincing
elife-91136	Important	Convincing
elife-91141	Valuable	Incomplete
elife-91150	Important	Convincing
elife-91153	Important	Compelling
elife-91155	Fundamental	Compelling
elife-91157	Valuable	Compelling
elife-91168	Important	Compelling
elife-91181	Valuable	Solid
elife-91185	Important	Compelling
elife-91193	Important	Compelling
elife-91194	Important	Compelling
elife-91204	Fundamental	Convincing
elife-91218	Important	Convincing
elife-91221	Important	Compelling
elife-91223	Important	Convincing
elife-91236	Important	Convincing
elife-91243	Fundamental	Compelling
elife-91260	Valuable	Compelling
elife-91263	Fundamental	Convincing
elife-91288	Important	Convincing
elife-91289	Useful	Incomplete
elife-91304	Valuable	Solid
elife-91306	Important	Convincing
elife-91313	Valuable	Solid
elife-91316	Valuable	Solid
elife-91320	Important	Convincing
elife-91323	Important	Convincing
elife-91327	Important	Convincing
elife-91329	Useful	Solid
elife-91345	Valuable	Convincing
elife-91357	Fundamental	Compelling
elife-91359	Valuable	Compelling
elife-91360	Valuable	Solid
elife-91367	Important	Convincing
elife-91387	Important	Compelling
elife-91392	Valuable	Compelling
elife-91397	Valuable	Solid
elife-91398	Important	Compelling
elife-91400	Valuable	Solid
elife-91405	Useful	Solid
elife-91406	Important	Convincing
elife-91407	Valuable	Solid
elife-91411	Valuable	Convincing
elife-91415	Important	Convincing
elife-91420	Valuable	Solid
elife-91421	Important	Convincing
elife-91422	Valuable	Convincing
elife-91425	Important	Compelling
elife-91429	Important	Convincing
elife-91431	Valuable	Solid
elife-91432	Important	Convincing
elife-91433	Fundamental	Compelling
elife-91434	Valuable	Convincing
elife-91438	Fundamental	Convincing
elife-91452	Important	Convincing
elife-91458	Fundamental	Convincing
elife-91461	Important	Convincing
elife-91465	Important	Convincing
elife-91469	Important	Convincing
elife-91472	Important	Compelling
elife-91475	Valuable	Convincing
elife-91482	Valuable	Convincing
elife-91483	Fundamental	Convincing
elife-91506	Important	Compelling
elife-91507	Fundamental	Compelling
elife-91512	Important	Convincing
elife-91522	Valuable	Convincing
elife-91523	Fundamental	Compelling
elife-91528	Useful	Solid
elife-91532	Important	Solid
elife-91540	Valuable	Solid
elife-91554	Valuable	Solid
elife-91568	Important	Convincing
elife-91572	Important	Compelling
elife-91576	Useful	Incomplete
elife-91579	Important	Convincing
elife-91582	Valuable	Solid
elife-91596	Valuable	Convincing
elife-91597	Important	Convincing
elife-91598	Useful	Incomplete
Solid
elife-91599	Valuable	Compelling
elife-91601	Important	Solid
elife-91602	Important	Convincing
elife-91605	Important	Convincing
elife-91609	Important	Convincing
elife-91611	Useful	Incomplete
elife-91619	Important	Convincing
elife-91634	Valuable	Solid
elife-91636	Important	Solid
elife-91642	Valuable	Compelling
elife-91645	Fundamental
Important	Compelling
elife-91648	Valuable	Incomplete
elife-91650	Valuable	Convincing
elife-91655	Valuable	Solid
elife-91663	Important	Convincing
elife-91666	Important	Convincing
elife-91678	Important	Solid
elife-91680	Valuable	Convincing
elife-91684	Valuable	Incomplete
elife-91685	Valuable	Convincing
elife-91705	Valuable	Solid
elife-91708	Fundamental	Compelling
elife-91711	Important	Convincing
elife-91716	Valuable	Solid
elife-91722	Useful	Solid
elife-91729	Fundamental	Compelling
elife-91745	Important	Convincing
elife-91757	Important	Convincing
elife-91765	Important	Compelling
elife-91766	Valuable	Solid
elife-91771	Valuable	Solid
elife-91774	Useful	Solid
elife-91775	Valuable	Convincing
elife-91777	Important	Convincing
elife-91779	Valuable	Solid
elife-91783	Important	Convincing
elife-91798	Important	Convincing
elife-91809	Important	Solid
elife-91825	Important	Solid
elife-91826	Valuable	Convincing
elife-91828	Useful	Incomplete
elife-91849	Fundamental	Compelling
elife-91853	Valuable	Solid
elife-91861	Important	Convincing
elife-91864	Fundamental	Exceptional
elife-91871	Fundamental	Convincing
elife-91876	Valuable	Compelling
elife-91883	Important	Solid
elife-91890	Useful	Incomplete
elife-91903	Useful	Solid
elife-91911	Valuable	Convincing
elife-91915	Valuable	Convincing
elife-91924	Valuable	Solid
elife-91927	Important	Compelling
elife-91928	Valuable	Convincing
elife-91930	Useful	Solid
elife-91941	Valuable	Incomplete
elife-91949	Fundamental	Compelling
elife-91953	Valuable	Solid
elife-91970	Valuable	Solid
elife-91973	Important	Convincing
elife-91976	Valuable	Solid
elife-91979	Important	Convincing
elife-91980	Valuable	Solid
elife-91985	Fundamental	Compelling
elife-91988	Important	Compelling
elife-91994	Important	Solid
elife-91999	Fundamental	Compelling
elife-92004	Important	Compelling
elife-92025	Important	Convincing
elife-92033	Important	Solid
elife-92046	Important	Convincing
elife-92063	Important	Solid
elife-92068	Important	Convincing
elife-92069	Useful	Incomplete
elife-92074	Fundamental	Compelling
elife-92075	Valuable	Incomplete
elife-92078	Important	Compelling
elife-92079	Valuable	Convincing
elife-92080	Valuable	Convincing
elife-92083	Fundamental	Compelling
elife-92085	Fundamental	Exceptional
elife-92088	Important	Compelling
elife-92091	Valuable	Solid
elife-92092	Important	Convincing
elife-92093	Useful	Incomplete
elife-92095	Valuable	Convincing
elife-92110	Important	Convincing
elife-92119	Valuable	Compelling
Convincing
elife-92135	Important	Solid
elife-92136	Important	Convincing
elife-92168	Important	Compelling
elife-92169	Important	Incomplete
elife-92173	Important	Solid
elife-92175	Important	Solid
elife-92178	Valuable	Incomplete
elife-92180	Important	Compelling
elife-92184	Useful	Solid
elife-92189	Fundamental	Convincing
elife-92195	Important	Convincing
elife-92200	Important	Solid
elife-92201	Valuable	Convincing
elife-92203	Valuable	Compelling
elife-92219	Fundamental	Compelling
elife-92236	Fundamental	Compelling
elife-92243	Important	Convincing
elife-92252	Valuable	Solid
elife-92254	Important	Convincing
elife-92262	Valuable	Compelling
elife-92263	Valuable	Solid
elife-92275	Valuable	Solid
elife-92307	Valuable	Convincing
elife-92311	Valuable	Convincing
elife-92324	Important	Convincing
elife-92342	Important	Solid
elife-92344	Valuable	Compelling
elife-92345	Valuable	Solid
elife-92350	Important	Compelling
elife-92362	Valuable	Convincing
elife-92379	Important	Convincing
elife-92380	Important	Compelling
elife-92393	Important	Solid
elife-92404	Important	Solid
elife-92405	Useful	Solid
elife-92406	Important	Solid
elife-92411	Important	Compelling
elife-92418	Useful	Solid
elife-92419	Valuable	Convincing
elife-92420	Important	Solid
elife-92424	Valuable	Convincing
elife-92426	Valuable	Convincing
elife-92438	Important	Compelling
elife-92457	Useful	Incomplete
elife-92462	Important	Solid
elife-92464	Valuable	Solid
elife-92469	Valuable	Solid
elife-92491	Important	Compelling
elife-92493	Important	Convincing
elife-92495	Important	Convincing
elife-92498	Important	Convincing
elife-92499	Important	Solid
elife-92510	Useful	Solid
elife-92511	Important	Convincing
elife-92519	Fundamental	Convincing
elife-92525	Valuable	Incomplete
elife-92534	Important	Solid
elife-92536	Fundamental	Convincing
elife-92537	Important	Compelling
elife-92539	Important	Convincing
elife-92543	Important	Compelling
elife-92545	Valuable	Convincing
Incomplete
elife-92552	Important	Compelling
elife-92559	Important	Convincing
elife-92562	Useful	Incomplete
elife-92563	Fundamental	Compelling
elife-92574	Valuable	Solid
elife-92595	Important	Compelling
elife-92599	Useful	Incomplete
elife-92606	Fundamental	Compelling
elife-92614	Important	Convincing
elife-92615	Important	Compelling
elife-92618	Important	Convincing
elife-92620	Important	Convincing
elife-92621	Valuable	Convincing
elife-92635	Important	Solid
elife-92643	Important	Convincing
elife-92644	Important	Convincing
elife-92645	Valuable	Solid
elife-92672	Valuable	Convincing
elife-92673	Useful	Solid
elife-92674	Fundamental	Solid
elife-92678	Valuable	Convincing
elife-92679	Valuable	Convincing
elife-92683	Important	Solid
elife-92706	Valuable	Convincing
elife-92707	Important	Convincing
elife-92712	Valuable	Convincing
elife-92731	Important	Convincing
elife-92732	Useful	Incomplete
elife-92737	Valuable	Incomplete
elife-92741	Important	Convincing
elife-92746	Important	Compelling
elife-92748	Important	Compelling
elife-92755	Important	Convincing
elife-92757	Fundamental	Compelling
Convincing
elife-92764	Important	Compelling
elife-92769	Useful	Solid
elife-92774	Important	Compelling
elife-92775	Important	Solid
elife-92794	Important	Compelling
elife-92806	Valuable	Solid
elife-92819	Useful	Solid
elife-92820	Fundamental	Compelling
elife-92821	Valuable	Solid
elife-92822	Important	Convincing
elife-92826	Valuable	Convincing
elife-92827	Fundamental	Convincing
elife-92829	Valuable	Compelling
elife-92839	Valuable	Compelling
elife-92841	Useful	Incomplete
Solid
elife-92844	Fundamental	Compelling
elife-92854	Important	Compelling
elife-92860	Important	Convincing
elife-92861	Important	Compelling
elife-92863	Important	Compelling
elife-92870	Valuable	Solid
elife-92873	Important	Convincing
elife-92879	Important	Convincing
elife-92885	Useful	Convincing
elife-92889	Fundamental	Compelling
elife-92892	Valuable	Solid
elife-92895	Fundamental	Convincing
elife-92906	Valuable	Solid
elife-92909	Valuable	Convincing
elife-92914	Important	Convincing
elife-92915	Important	Solid
elife-92916	Important	Convincing
elife-92925	Valuable	Convincing
elife-92938	Important	Convincing
elife-92940	Important	Convincing
elife-92941	Important	Convincing
elife-92948	Valuable	Incomplete
elife-92956	Useful	Incomplete
Solid
elife-92962	Useful	Solid
elife-92979	Important	Compelling
elife-92982	Valuable	Solid
elife-92990	Important	Compelling
elife-92992	Important	Solid
elife-92993	Useful	Solid
elife-92994	Valuable	Convincing
elife-93002	Important	Compelling
elife-93004	Important	Convincing
elife-93013	Valuable	Convincing
elife-93033	Useful	Incomplete
Solid
elife-93052	Important	Compelling
elife-93060	Important	Convincing
elife-93062	Important	Convincing
elife-93063	Valuable	Convincing
elife-93076	Important	Convincing
elife-93077	Valuable	Compelling
elife-93079	Important	Compelling
elife-93087	Important	Convincing
elife-93094	Important	Convincing
elife-93099	Important	Incomplete
Solid
elife-93113	Useful	Solid
elife-93115	Important	Convincing
elife-93117	Important	Convincing
elife-93125	Valuable	Convincing
Incomplete
elife-93131	Valuable	Incomplete
Solid
elife-93147	Important	Incomplete
elife-93151	Valuable	Convincing
elife-93158	Valuable	Solid
elife-93168	Valuable	Solid
elife-93170	Important	Convincing
elife-93171	Important	Solid
elife-93172	Important	Convincing
elife-93174	Valuable	Convincing
elife-93178	Important	Compelling
elife-93180	Important	Compelling
Convincing
elife-93181	Important	Convincing
elife-93183	Important	Compelling
elife-93191	Valuable	Solid
elife-93194	Fundamental	Compelling
elife-93200	Valuable	Convincing
elife-93204	Important	Solid
elife-93208	Valuable	Convincing
elife-93212	Useful	Convincing
elife-93213	Important	Convincing
elife-93220	Important	Compelling
elife-93223	Important	Compelling
elife-93232	Valuable	Compelling
Solid
elife-93241	Valuable	Inadequate
elife-93242	Valuable	Convincing
elife-93243	Valuable	Solid
elife-93246	Important	Convincing
elife-93255	Important	Compelling
elife-93256	Important	Convincing
elife-93260	Useful	Incomplete
elife-93267	Valuable	Solid
elife-93272	Fundamental	Compelling
elife-93273	Important	Solid
elife-93283	Useful	Incomplete
elife-93284	Valuable	Convincing
elife-93312	Useful	Solid
elife-93316	Important	Solid
elife-93325	Useful	Solid
elife-93327	Important	Compelling
elife-93333	Useful	Compelling
elife-93338	Valuable	Incomplete
elife-93357	Important	Convincing
elife-93369	Valuable	Solid
elife-93373	Important	Convincing
elife-93405	Valuable	Incomplete
elife-93413	Valuable	Solid
elife-93423	Useful	Convincing
elife-93428	Useful	Convincing
elife-93429	Important	Solid
elife-93450	Important	Compelling
Solid
elife-93454	Valuable	Convincing
elife-93464	Valuable	Convincing
elife-93481	Important	Convincing
elife-93493	Important	Convincing
elife-93496	Useful	Incomplete
elife-93498	Important	Convincing
elife-93509	Valuable	Convincing
elife-93510	Important	Convincing
Incomplete
elife-93518	Important	Convincing
elife-93520	Important	Convincing
elife-93522	Important	Compelling
elife-93534	Important	Convincing
elife-93561	Important	Convincing
elife-93562	Important	Convincing
elife-93589	Useful	Incomplete
elife-93604	Valuable	Solid
elife-93621	Valuable	Solid
elife-93629	Fundamental	Convincing
elife-93633	Important	Convincing
elife-93636	Important	Convincing
elife-93646	Fundamental	Compelling
elife-93656	Fundamental	Compelling
elife-93662	Useful	Solid
elife-93666	Valuable	Solid
elife-93673	Valuable	Compelling
elife-93686	Valuable	Convincing
elife-93689	Important	Convincing
elife-93694	Important	Compelling
elife-93695	Valuable	Convincing
elife-93698	Fundamental	Compelling
elife-93721	Important	Solid
elife-93740	Important	Solid
elife-93749	Fundamental	Compelling
elife-93754	Fundamental	Convincing
elife-93755	Important	Convincing
elife-93758	Valuable	Solid
elife-93759	Important	Convincing
elife-93760	Useful	Incomplete
elife-93764	Valuable	Convincing
elife-93766	Important	Compelling
elife-93770	Fundamental	Convincing
elife-93778	Important	Solid
elife-93781	Valuable	Convincing
elife-93789	Important	Convincing
elife-93792	Important	Solid
elife-93795	Important	Compelling
elife-93796	Important	Compelling
elife-93804	Important	Convincing
elife-93830	Valuable	Solid
elife-93855	Valuable	Convincing
elife-93871	Useful	Solid
elife-93877	Fundamental	Compelling
elife-93887	Valuable	Convincing
elife-93906	Useful	Convincing
elife-93908	Valuable	Solid
elife-93921	Valuable	Solid
elife-93934	Useful	Compelling
elife-93968	Important	Convincing
elife-93971	Important	Convincing
elife-93975	Important	Convincing
elife-93978	Important	Convincing
elife-93979	Valuable	Convincing
elife-93981	Important	Convincing
elife-93983	Important	Compelling
elife-94001	Important	Compelling
elife-94029	Valuable	Convincing
elife-94045	Useful	Solid
elife-94056	Valuable	Convincing
elife-94070	Valuable	Compelling
elife-94073	Important	Convincing
elife-94075	Valuable	Compelling
elife-94088	Useful	Solid
elife-94094	Valuable	Solid
elife-94109	Important	Compelling
elife-94114	Valuable	Solid
elife-94144	Valuable	Solid
elife-94165	Valuable	Solid
elife-94167	Important	Convincing
elife-94168	Important	Compelling
elife-94169	Important	Solid
elife-94180	Fundamental	Convincing
elife-94181	Valuable	Convincing
elife-94187	Important	Convincing
elife-94191	Valuable	Compelling
elife-94198	Important	Convincing
elife-94214	Valuable	Solid
elife-94242	Valuable	Solid
elife-94245	Valuable	Solid
elife-94265	Important	Compelling
elife-94276	Valuable	Solid
elife-94288	Useful	Incomplete
elife-94290	Important	Convincing
elife-94296	Important	Convincing
elife-94302	Important	Convincing
elife-94306	Fundamental	Compelling
elife-94310	Valuable	Convincing
elife-94315	Important	Compelling
elife-94317	Valuable	Solid
elife-94334	Important	Convincing
elife-94342	Important	Compelling
elife-94347	Valuable	Incomplete
elife-94349	Fundamental	Compelling
elife-94391	Important	Convincing
elife-94407	Valuable	Convincing
elife-94420	Important	Convincing
elife-94425	Important	Compelling
elife-94438	Valuable	Solid
elife-94475	Useful	Compelling
elife-94485	Important	Compelling
elife-94488	Valuable	Solid
elife-94502	Important	Convincing
elife-94503	Fundamental	Convincing
elife-94509	Valuable	Solid
elife-94520	Important	Compelling
elife-94547	Valuable	Solid
elife-94558	Valuable	Solid
elife-94561	Important	Compelling
elife-94570	Fundamental	Compelling
elife-94573	Valuable	Solid
elife-94578	Valuable	Solid
elife-94583	Fundamental	Solid
elife-94586	Valuable	Convincing
elife-94590	Useful	Solid
elife-94605	Important	Incomplete
Solid
elife-94608	Important	Convincing
elife-94609	Valuable	Incomplete
elife-94616	Important	Solid
elife-94628	Valuable	Incomplete
elife-94631	Useful	Solid
elife-94653	Important	Convincing
elife-94657	Valuable	Solid
elife-94658	Valuable	Incomplete
elife-94689	Valuable	Solid
elife-94698	Important	Convincing
elife-94703	Valuable	Solid
elife-94706	Valuable	Solid
elife-94709	Fundamental	Convincing
elife-94743	Useful	Compelling
elife-94748	Valuable	Convincing
elife-94754	Valuable	Solid
elife-94755	Important	Convincing
elife-94765	Valuable	Solid
elife-94794	Fundamental	Convincing
elife-94795	Important	Convincing
elife-94800	Fundamental	Compelling
elife-94802	Important	Solid
elife-94811	Useful	Incomplete
elife-94825	Important	Convincing
elife-94833	Important	Convincing
elife-94836	Important	Convincing
elife-94842	Useful	Solid
elife-94849	Useful	Convincing
elife-94869	Important	Convincing
elife-94884	Useful	Solid
elife-94898	Important	Solid
elife-94899	Useful	Incomplete
Solid
elife-94900	Important	Compelling
elife-94902	Useful	Solid
elife-94903	Valuable	Convincing
elife-94908	Valuable	Convincing
elife-94909	Important	Solid
elife-94916	Important	Convincing
elife-94917	Valuable	Solid
elife-94918	Important	Convincing
elife-94924	Important	Solid
elife-94929	Important	Compelling
elife-94930	Fundamental	Compelling
elife-94946	Important	Convincing
elife-94961	Valuable	Incomplete
elife-94970	Valuable	Solid
elife-94972	Valuable	Solid
elife-94973	Useful	Convincing
elife-94982	Important	Convincing
elife-94990	Important	Convincing
elife-94995	Important	Convincing
elife-94999	Valuable	Solid
elife-95010	Important	Convincing
elife-95028	Valuable	Solid
elife-95044	Fundamental	Exceptional
elife-95054	Important	Compelling
elife-95058	Valuable	Convincing
elife-95062	Valuable	Convincing
elife-95106	Important	Solid
elife-95113	Valuable	Solid
elife-95118	Important	Compelling
elife-95125	Important	Compelling
elife-95127	Important	Compelling
elife-95135	Important	Convincing
elife-95160	Important	Convincing
elife-95168	Important	Solid
elife-95170	Valuable	Solid
elife-95172	Valuable	Convincing
elife-95180	Important	Solid
elife-95185	Important	Convincing
elife-95191	Fundamental	Compelling
elife-95199	Important	Compelling
elife-95209	Important	Solid
elife-95213	Important	Solid
elife-95229	Useful	Incomplete
elife-95243	Important	Solid
elife-95257	Important	Incomplete
Solid
elife-95267	Valuable	Solid
elife-95272	Important	Convincing
elife-95273	Important	Exceptional
elife-95285	Important	Compelling
elife-95292	Valuable	Solid
elife-95296	Important	Convincing
elife-95297	Fundamental	Compelling
elife-95314	Important	Compelling
elife-95318	Valuable	Solid
elife-95324	Valuable	Convincing
elife-95326	Useful	Incomplete
elife-95328	Important	Convincing
elife-95334	Fundamental	Convincing
elife-95338	Important	Convincing
elife-95346	Useful	Incomplete
elife-95347	Valuable	Solid
elife-95371	Important	Convincing
Incomplete
elife-95379	Important	Convincing
elife-95393	Important	Convincing
elife-95397	Important	Solid
elife-95398	Important	Convincing
elife-95402	Fundamental	Compelling
elife-95406	Valuable	Convincing
elife-95411	Important	Convincing
elife-95412	Fundamental	Compelling
elife-95427	Valuable	Solid
elife-95443	Important	Compelling
elife-95453	Useful	Incomplete
elife-95480	Important	Compelling
elife-95481	Important	Compelling
elife-95485	Important	Convincing
elife-95488	Important	Compelling
elife-95494	Useful	Convincing
elife-95502	Valuable	Solid
elife-95510	Important	Compelling
elife-95514	Important	Compelling
elife-95521	Important	Compelling
elife-95524	Important	Solid
elife-95528	Valuable	Convincing
elife-95545	Valuable	Solid
elife-95547	Important	Compelling
elife-95549	Fundamental	Compelling
elife-95557	Important	Solid
elife-95566	Important	Convincing
elife-95595	Valuable	Solid
elife-95599	Important	Incomplete
elife-95618	Important	Compelling
elife-95621	Fundamental	Compelling
elife-95628	Valuable	Solid
elife-95629	Important	Solid
elife-95648	Useful	Incomplete
Solid
elife-95652	Important	Convincing
elife-95665	Important	Convincing
elife-95672	Important	Convincing
elife-95678	Valuable	Incomplete
elife-95680	Important	Convincing
elife-95708	Important	Convincing
elife-95709	Useful	Solid
elife-95733	Important	Solid
elife-95764	Fundamental	Compelling
elife-95774	Fundamental	Convincing
elife-95802	Important	Convincing
elife-95811	Valuable	Convincing
elife-95814	Landmark	Exceptional
elife-95815	Fundamental	Compelling
elife-95821	Valuable	Convincing
elife-95823	Important	Solid
elife-95828	Important	Compelling
elife-95838	Valuable	Incomplete
elife-95842	Important	Compelling
elife-95846	Important	Convincing
elife-95849	Fundamental	Convincing
elife-95852	Important	Convincing
elife-95857	Useful	Inadequate
elife-95867	Useful	Incomplete
elife-95873	Important	Incomplete
elife-95879	Important	Convincing
Incomplete
elife-95880	Valuable	Incomplete
elife-95887	Important	Compelling
elife-95888	Important	Convincing
elife-95891	Important	Convincing
elife-95897	Valuable	Solid
elife-95898	Important	Convincing
elife-95901	Valuable	Compelling
elife-95944	Valuable	Solid
elife-95952	Important	Convincing
elife-95964	Useful	Incomplete
elife-95988	Useful	Inadequate
elife-95992	Valuable	Convincing
elife-95999	Valuable	Convincing
elife-96013	Important	Compelling
elife-96017	Important	Convincing
elife-96025	Important	Convincing
Solid
elife-96028	Important	Solid
elife-96041	Valuable	Solid
elife-96052	Valuable	Solid
elife-96065	Fundamental	Compelling
elife-96076	Valuable	Convincing
elife-96085	Important	Convincing
elife-96090	Valuable	Convincing
elife-96129	Fundamental	Compelling
elife-96138	Important	Compelling
elife-96140	Valuable	Solid
elife-96150	Valuable	Incomplete
elife-96152	Valuable	Solid
elife-96155	Valuable	Solid
elife-96157	Valuable	Incomplete
elife-96161	Valuable	Convincing
elife-96172	Valuable	Solid
elife-96178	Important	Convincing
elife-96190	Useful	Convincing
elife-96216	Valuable	Convincing
elife-96217	Useful	Solid
elife-96224	Important	Solid
elife-96257	Important	Convincing
elife-96266	Fundamental	Convincing
elife-96281	Useful	Solid
elife-96284	Important	Convincing
elife-96287	Valuable	Solid
elife-96290	Valuable	Solid
elife-96303	Important	Compelling
elife-96312	Valuable	Convincing
elife-96317	Important	Convincing
elife-96338	Valuable	Incomplete
elife-96343	Fundamental	Compelling
elife-96344	Valuable	Compelling
Solid
elife-96353	Important	Convincing
elife-96357	Important	Solid
elife-96386	Important	Convincing
elife-96394	Valuable	Solid
elife-96402	Valuable	Incomplete
elife-96421	Important	Convincing
elife-96423	Valuable	Solid
elife-96424	Valuable	Incomplete
elife-96425	Valuable	Solid
elife-96445	Useful	Incomplete
elife-96459	Valuable	Compelling
elife-96465	Valuable	Solid
elife-96470	Important	Solid
elife-96496	Fundamental	Convincing
elife-96507	Important	Convincing
elife-96513	Useful	Solid
elife-96515	Important	Incomplete
elife-96519	Fundamental	Compelling
elife-96523	Valuable	Incomplete
elife-96534	Valuable	Incomplete
Solid
elife-96535	Useful	Incomplete
elife-96536	Important	Compelling
elife-96540	Important	Solid
elife-96543	Important	Solid
elife-96553	Important	Convincing
elife-96566	Important	Convincing
elife-96573	Important	Solid
elife-96575	Valuable	Solid
elife-96576	Fundamental	Compelling
elife-96582	Useful	Incomplete
elife-96591	Important	Convincing
elife-96592	Important	Convincing
elife-96600	Useful	Solid
elife-96602	Important	Convincing
elife-96603	Useful	Solid
elife-96617	Fundamental	Compelling
elife-96625	Valuable	Solid
elife-96627	Valuable	Solid
elife-96643	NULL	Incomplete
elife-96662	Important	Convincing
elife-96665	Valuable	Convincing
elife-96675	Valuable	Solid
elife-96678	Fundamental	Compelling
elife-96691	Valuable	Solid
elife-96693	Valuable	Solid
elife-96695	Useful	Solid
elife-96699	Useful	Solid
elife-96704	Important	Convincing
elife-96713	Useful	Solid
elife-96718	Valuable	Solid
elife-96719	Important	Convincing
elife-96722	Important	Convincing
elife-96724	Important	Convincing
elife-96738	Important	Convincing
elife-96743	Fundamental	Compelling
elife-96755	Important	Convincing
elife-96784	Valuable	Solid
elife-96789	Fundamental	Compelling
elife-96790	Useful	Incomplete
elife-96798	Important	Convincing
elife-96803	Important	Convincing
elife-96810	Important	Convincing
elife-96812	Important	Solid
elife-96821	Important	Compelling
elife-96831	Valuable	Convincing
elife-96839	Important	Solid
elife-96841	Valuable	Solid
elife-96848	Valuable	Inadequate
elife-96850	Important	Solid
elife-96852	Useful	Solid
elife-96854	Valuable	Convincing
elife-96868	Useful	Solid
elife-96890	Important	Solid
elife-96892	Valuable	Solid
elife-96893	Important	Compelling
elife-96904	Important	Solid
elife-96907	Valuable	Convincing
elife-96908	Valuable	Solid
elife-96925	Valuable	Incomplete
elife-96926	Important	Compelling
elife-96933	Important	Convincing
elife-96937	Valuable	Convincing
elife-96941	Valuable	Solid
elife-96942	Important	Compelling
elife-96943	Fundamental	Convincing
elife-96944	Valuable	Convincing
elife-96951	Valuable	Solid
elife-96953	Important	Compelling
Convincing
elife-96957	Important	Compelling
elife-96962	Important	Convincing
elife-96966	Valuable	Solid
elife-96979	Important	Convincing
elife-96988	Useful	Incomplete
Solid
elife-96992	Valuable	Solid
elife-96997	Important	Convincing
elife-97017	Valuable	Solid
elife-97018	Valuable	Convincing
elife-97019	Useful	Incomplete
Solid
elife-97021	Important	Solid
elife-97029	Important	Convincing
elife-97033	Important	Compelling
elife-97036	Valuable	Solid
elife-97043	Important	Convincing
elife-97051	Valuable	Convincing
elife-97069	Important	Compelling
elife-97083	Valuable	Incomplete
elife-97085	Important	Solid
elife-97088	Valuable	Convincing
elife-97096	Useful	Solid
elife-97098	Important	Convincing
elife-97100	Valuable	Solid
elife-97105	Valuable	Solid
elife-97107	Valuable	Solid
elife-97114	Valuable	Solid
elife-97125	Important	Convincing
elife-97130	Valuable	Convincing
elife-97144	Important	Solid
elife-97146	Valuable	Incomplete
Solid
elife-97150	Important	Convincing
elife-97151	Valuable	Solid
elife-97165	Valuable	Solid
elife-97179	Important	Solid
elife-97180	Important	Solid
elife-97184	Important	Compelling
elife-97188	Important	Compelling
elife-97189	Important	Convincing
elife-97196	Important	Solid
elife-97201	Useful	Incomplete
elife-97206	Important	Compelling
elife-97216	Fundamental	Compelling
elife-97227	Valuable	Compelling
elife-97228	Useful	Solid
elife-97229	Important	Compelling
elife-97231	Important	Convincing
elife-97234	Valuable	Solid
elife-97255	Valuable	Convincing
elife-97256	Valuable	Convincing
elife-97259	Important	Convincing
elife-97261	Valuable	Convincing
elife-97267	Important	Convincing
elife-97268	Important	Convincing
elife-97271	Important	Convincing
elife-97279	Valuable	Solid
elife-97289	Important	Exceptional
elife-97298	Important	Solid
elife-97313	Valuable	Convincing
elife-97325	Important	Convincing
elife-97326	Important	Convincing
elife-97327	Valuable	Solid
elife-97330	Useful	Solid
elife-97334	Valuable	Solid
elife-97335	Useful	Incomplete
elife-97341	Valuable	Solid
elife-97348	Fundamental	Convincing
elife-97350	Important	Compelling
elife-97356	Important	Solid
elife-97373	Valuable	Solid
elife-97399	Useful	Solid
elife-97400	Valuable	Convincing
Solid
elife-97403	Valuable	Incomplete
elife-97424	Important	Compelling
elife-97433	Valuable	Compelling
elife-97437	Important	Compelling
elife-97438	Valuable	Convincing
elife-97444	Important	Convincing
elife-97461	Important	Compelling
elife-97465	Fundamental	Compelling
elife-97484	Valuable	Solid
elife-97487	Valuable	Convincing
elife-97495	Important	Compelling
elife-97503	Valuable	Convincing
elife-97504	Important	Compelling
elife-97507	Important	Solid
elife-97511	Valuable	Incomplete
elife-97514	Important	Convincing
elife-97532	Valuable	Convincing
elife-97543	Important	Convincing
elife-97545	Important	Convincing
elife-97552	Important	Convincing
elife-97559	Fundamental	Compelling
elife-97568	Important	Convincing
elife-97577	Valuable	Convincing
elife-97579	Fundamental	Compelling
elife-97598	Important	Solid
elife-97602	Valuable	Compelling
elife-97604	Valuable	Solid
elife-97613	Important	Convincing
elife-97614	Important	Convincing
elife-97615	Important	Convincing
elife-97621	Important	Compelling
elife-97643	Valuable	Solid
elife-97649	Fundamental	Solid
elife-97650	Important	Incomplete
elife-97654	Important	Convincing
elife-97658	Fundamental	Convincing
elife-97662	Important	Incomplete
Solid
elife-97665	Important	Compelling
elife-97671	Important	Solid
elife-97673	Valuable	Solid
elife-97674	Valuable	Convincing
elife-97682	Valuable	Solid
elife-97709	NULL	Inadequate
elife-97731	Valuable	Convincing
elife-97754	Valuable	Convincing
elife-97760	Important	Convincing
elife-97764	Valuable	Solid
elife-97765	Valuable	Convincing
elife-97793	Important	Convincing
elife-97812	Valuable	Solid
elife-97827	Valuable	Incomplete
elife-97830	Important	Convincing
elife-97839	Important	Convincing
elife-97846	Important	Convincing
elife-97854	Valuable	Solid
elife-97860	Valuable	Convincing
elife-97864	Important	Convincing
elife-97865	Important	Compelling
elife-97870	Useful	Solid
elife-97874	Valuable	Solid
elife-97883	Important	Convincing
elife-97884	Important	Convincing
elife-97894	Important	Convincing
elife-97896	Valuable	Convincing
elife-97900	Important	Convincing
elife-97908	Fundamental	Compelling
elife-97910	Important	Solid
elife-97916	Important	Solid
elife-97954	Useful	Solid
elife-97958	Valuable	Convincing
Incomplete
elife-97964	Important	Exceptional
elife-97981	Valuable	Solid
elife-98001	Valuable	Compelling
elife-98002	Valuable	Incomplete
elife-98005	Valuable	Convincing
elife-98009	Fundamental	Solid
elife-98016	Important	Convincing
elife-98023	Important	Convincing
elife-98031	Valuable	Convincing
elife-98033	Valuable	Compelling
elife-98056	Fundamental	Convincing
elife-98070	Important	Solid
elife-98072	Fundamental	Compelling
elife-98073	NULL	Inadequate
elife-98081	Valuable	Incomplete
elife-98102	Valuable	Convincing
elife-98110	Important	Convincing
elife-98114	Important	Convincing
elife-98119	Fundamental	Compelling
elife-98142	Important	Convincing
elife-98143	Valuable	Incomplete
elife-98148	Valuable	Convincing
elife-98152	Valuable	Compelling
Solid
elife-98158	Valuable	Convincing
elife-98159	Valuable	Solid
elife-98166	Useful	Solid
elife-98169	Useful	Solid
elife-98175	Important	Convincing
elife-98181	Important	Convincing
elife-98218	Important	Convincing
elife-98221	Valuable	Solid
elife-98238	Important	Compelling
elife-98250	Valuable	Convincing
elife-98257	Important	Convincing
elife-98258	Useful	Convincing
elife-98262	Valuable	Solid
elife-98266	Valuable	Solid
elife-98280	Important	Solid
elife-98287	Important	Convincing
elife-98300	Important	Convincing
elife-98304	Important	Compelling
elife-98344	Valuable	Solid
elife-98345	Fundamental	Convincing
elife-98347	Important	Convincing
elife-98348	Important	Compelling
elife-98349	Important	Compelling
elife-98351	Important	Solid
elife-98353	Useful	Solid
elife-98358	Important	Solid
elife-98366	Useful	Incomplete
elife-98372	Fundamental	Convincing
elife-98386	Valuable	Convincing
elife-98405	Valuable	Convincing
elife-98409	Valuable	Convincing
Solid
elife-98427	Valuable	Solid
elife-98449	Valuable	Solid
elife-98450	Valuable	Convincing
elife-98458	Fundamental	Compelling
elife-98462	Valuable	Incomplete
elife-98469	Important	Convincing
elife-98485	Valuable	Compelling
elife-98489	Useful	Solid
elife-98514	Important	Compelling
elife-98520	Valuable	Compelling
Solid
elife-98521	Important	Convincing
elife-98522	Valuable	Compelling
elife-98523	Fundamental	Convincing
elife-98524	Fundamental	Compelling
elife-98531	Fundamental	Compelling
elife-98534	Valuable	Convincing
elife-98535	Valuable	Solid
elife-98540	Important	Compelling
elife-98552	Valuable	Convincing
elife-98554	Valuable	Convincing
elife-98558	Fundamental	Convincing
elife-98563	Valuable	Solid
elife-98579	Valuable	Convincing
elife-98582	Important	Convincing
elife-98584	Important	Solid
elife-98593	Important	Convincing
elife-98612	Fundamental	Convincing
elife-98622	Important	Compelling
elife-98624	Important	Convincing
elife-98631	Valuable	Solid
elife-98634	Useful	Incomplete
elife-98636	Valuable	Convincing
elife-98648	Important	Convincing
elife-98653	Valuable	Convincing
elife-98654	Important	Convincing
elife-98661	Important	Convincing
elife-98662	Important	Compelling
elife-98665	Important	Compelling
elife-98666	Important	Convincing
elife-98677	Important	Convincing
elife-98701	Valuable	Solid
elife-98704	Important	Convincing
elife-98709	Important	Convincing
elife-98714	Important	Incomplete
elife-98716	Important	Compelling
elife-98739	Important	Convincing
elife-98742	Important	Compelling
elife-98747	Valuable	Convincing
elife-98759	Valuable	Convincing
elife-98766	Useful	Solid
elife-98775	Important	Convincing
elife-98777	Important	Convincing
elife-98798	Valuable	Solid
elife-98800	Valuable	Solid
elife-98818	Important	Compelling
elife-98827	Valuable	Compelling
elife-98834	Important	Convincing
elife-98841	Fundamental	Compelling
elife-98843	Valuable	Convincing
elife-98844	Important	Compelling
elife-98851	Useful	Solid
elife-98853	Important	Convincing
elife-98867	Valuable	Solid
elife-98896	Valuable	Convincing
elife-98900	Important	Convincing
elife-98903	Valuable	Solid
elife-98920	Important	Convincing
elife-98922	Important	Solid
elife-98934	Important	Compelling
elife-98949	Useful	Solid
elife-98992	Important	Convincing
elife-99000	Important	Convincing
elife-99005	Valuable	Convincing
elife-99010	Important	Convincing
elife-99018	Valuable	Convincing
elife-99026	Useful	Incomplete
elife-99040	Important	Convincing
elife-99052	Valuable	Convincing
elife-99062	Useful	Solid
elife-99068	Valuable	Solid
elife-99116	Valuable	Convincing
elife-99122	Valuable	Convincing
elife-99130	Valuable	Solid
elife-99141	Important	Convincing
elife-99149	Valuable	Solid
elife-99150	Important	Solid
elife-99160	Important	Compelling
elife-99172	Valuable	Solid
elife-99173	Important	Solid
elife-99194	Valuable	Solid
elife-99200	Valuable	Solid
elife-99210	Fundamental	Convincing
elife-99229	Important	Convincing
elife-99258	Important	Solid
elife-99273	Valuable	Convincing
elife-99275	Valuable	Convincing
elife-99281	Important	Convincing
elife-99282	Important	Compelling
Incomplete
elife-99290	Important	Solid
elife-99302	Useful	Solid
elife-99303	Important	Compelling
elife-99323	Important	Compelling
elife-99337	Valuable	Convincing
elife-99338	Important	Convincing
elife-99340	Important	Solid
elife-99341	Valuable	Convincing
elife-99344	Important	Compelling
Convincing
elife-99352	Valuable	Solid
elife-99358	Important	Convincing
elife-99368	Important	Convincing
elife-99373	Important	Convincing
elife-99383	Valuable	Solid
elife-99389	Important	Convincing
elife-99394	Valuable	Compelling
elife-99410	Important	Compelling
elife-99424	Valuable	Convincing
elife-99455	Important	Solid
elife-99462	Important	Convincing
elife-99473	Important	Convincing
elife-99474	Important	Convincing
elife-99478	Important	Solid
elife-99502	Fundamental	Convincing
elife-99538	Important	Convincing
elife-99545	Valuable	Convincing
elife-99547	Important	Convincing
elife-99548	Fundamental	Compelling
elife-99572	Important	Convincing
elife-99575	Important	Convincing
elife-99593	Valuable	Solid
elife-99602	Fundamental	Convincing
elife-99614	Important	Compelling
elife-99634	Important	Convincing
elife-99639	Important	Compelling
elife-99642	Important	Convincing
elife-99643	Valuable	Convincing
elife-99650	Important	Convincing
elife-99670	Important	Convincing
elife-99678	Valuable	Solid
elife-99696	Important	Convincing
elife-99702	Important	Compelling
elife-99711	Fundamental	Convincing
elife-99717	Valuable	Convincing
elife-99735	Important	Solid
elife-99752	Important	Compelling
elife-99757	Important	Compelling
elife-99767	Valuable	Solid
elife-99782	Landmark	Compelling
elife-99785	Important	Compelling
elife-99790	Valuable	Compelling
elife-99808	Important	Convincing
elife-99809	Valuable	Solid
elife-99825	Important	Compelling
elife-99833	Valuable	Solid
elife-99848	Important	Solid
elife-99849	Important	Convincing
elife-99854	Valuable	Compelling
elife-99858	Important	Convincing
elife-99862	Important	Convincing
elife-99904	NULL	Inadequate
elife-99914	Important	Convincing
elife-99920	Valuable	Convincing
elife-99924	Useful	Solid
elife-99936	Important	Convincing
elife-99937	Valuable	Solid
elife-99939	Valuable	Solid
elife-99940	Valuable	Solid
elife-99957	Valuable	Solid
elife-99960	Important	Convincing
elife-99971	Important	Convincing
Solid
elife-99982	Useful	Incomplete
elife-99986	Valuable	Solid
elife-99988	Important	Convincing
elife-99989	Important	Convincing
elife-99997	Important	Compelling
elife-99999	Important	Compelling
